{"cameraMode":{"drawMode":0,"name":"Shaded","section":"Shading Mode"},"sceneLighting":false,"audioPlay":false,"sceneViewState":{"showFog":true,"showMaterialUpdate":true,"showSkybox":false,"showFlares":true,"showImageEffects":true,"showParticleSystems":true},"in2DMode":false,"pivot":{"x":-0.5176356434822083,"y":-0.06766588985919953,"z":1.2992968559265137},"rotation":{"x":0.0015552083496004344,"y":-0.9889420866966248,"z":0.14794667065143586,"w":0.010394086129963398},"size":8.140865325927735,"orthographic":false}