{"cameraMode":{"drawMode":0,"name":"Shaded","section":"Shading Mode"},"sceneLighting":false,"audioPlay":false,"sceneViewState":{"showFog":true,"showMaterialUpdate":true,"showSkybox":false,"showFlares":true,"showImageEffects":true,"showParticleSystems":true},"in2DMode":false,"pivot":{"x":-1.4468226432800294,"y":0.32941675186157229,"z":1.6068544387817383},"rotation":{"x":0.13456954061985017,"y":-0.011515242978930474,"z":0.0016189798479899765,"w":0.9908440709114075},"size":17.475900650024415,"orthographic":false}