{"cameraMode":{"drawMode":0,"name":"Shaded","section":"Shading Mode"},"sceneLighting":false,"audioPlay":false,"sceneViewState":{"showFog":true,"showMaterialUpdate":true,"showSkybox":false,"showFlares":true,"showImageEffects":true,"showParticleSystems":true},"in2DMode":false,"pivot":{"x":30.19805145263672,"y":1.1941341161727906,"z":9.1686429977417},"rotation":{"x":-0.007647757884114981,"y":-0.9923686385154724,"z":0.0820397436618805,"w":-0.09188470244407654},"size":2.6980485916137697,"orthographic":false}