{"cameraMode":{"drawMode":0,"name":"Shaded","section":"Shading Mode"},"sceneLighting":true,"audioPlay":false,"sceneViewState":{"showFog":true,"showMaterialUpdate":true,"showSkybox":false,"showFlares":true,"showImageEffects":true,"showParticleSystems":true},"in2DMode":false,"pivot":{"x":0.0,"y":0.12999999523162843,"z":0.9049999713897705},"rotation":{"x":0.13893425464630128,"y":-0.2051723152399063,"z":0.02943568117916584,"w":0.9683697819709778},"size":1.5562834739685059,"orthographic":false}