{"cameraMode":{"drawMode":0,"name":"Shaded","section":"Shading Mode"},"sceneLighting":false,"audioPlay":false,"sceneViewState":{"showFog":true,"showMaterialUpdate":true,"showSkybox":false,"showFlares":true,"showImageEffects":true,"showParticleSystems":true},"in2DMode":false,"pivot":{"x":-0.5302467346191406,"y":0.04970683157444,"z":0.44245097041130068},"rotation":{"x":-0.017264349386096,"y":-0.9488730430603027,"z":0.05271632596850395,"w":-0.31075453758239748},"size":2.4394617080688478,"orthographic":false}