{"cameraMode":{"drawMode":0,"name":"Shaded","section":"Shading Mode"},"sceneLighting":false,"audioPlay":false,"sceneViewState":{"showFog":true,"showMaterialUpdate":true,"showSkybox":false,"showFlares":true,"showImageEffects":true,"showParticleSystems":true},"in2DMode":false,"pivot":{"x":128.77597045898438,"y":725.2000122070313,"z":0.0},"rotation":{"x":0.16350817680358888,"y":0.09345251321792603,"z":-0.015507539734244347,"w":0.9819931387901306},"size":430.55926513671877,"orthographic":false}