{"cameraMode":{"drawMode":0,"name":"Shaded","section":"Shading Mode"},"sceneLighting":false,"audioPlay":false,"sceneViewState":{"showFog":true,"showMaterialUpdate":true,"showSkybox":false,"showFlares":true,"showImageEffects":true,"showParticleSystems":true},"in2DMode":false,"pivot":{"x":647.9768676757813,"y":322.77508544921877,"z":17.215177536010743},"rotation":{"x":0.16350817680358888,"y":0.09345251321792603,"z":-0.015507539734244347,"w":0.9819931387901306},"size":200.73117065429688,"orthographic":false}