{"cameraMode":{"drawMode":0,"name":"Shaded","section":"Shading Mode"},"sceneLighting":false,"audioPlay":false,"sceneViewState":{"showFog":true,"showMaterialUpdate":true,"showSkybox":false,"showFlares":true,"showImageEffects":true,"showParticleSystems":true},"in2DMode":false,"pivot":{"x":-0.27265751361846926,"y":1.4644510746002198,"z":0.02602529525756836},"rotation":{"x":-0.022374996915459634,"y":-0.11186737567186356,"z":-0.0024661365896463396,"w":0.9934757947921753},"size":5.452094554901123,"orthographic":false}